"sex","race","education_level","mean_income","n"
"F","B","BA",99.239674815987,110
"F","B","HS",100.463861377294,104
"F","W","BA",94.4869259361193,125
"F","W","HS",97.5162370650706,141
"M","B","BA",93.7907545877685,126
"M","B","HS",94.6475513344559,129
"M","W","BA",103.397137827518,138
"M","W","HS",102.643007805817,127
