gene,exp1_rep1,exp1_rep2,exp1_rep3,exp2_rep1,exp2_rep2,exp2_rep3,exp3_rep1,exp3_rep2,exp3_rep3
A,21.70490322,19.76070196,20.72684149,18.344256,20.37665104,17.58598495,20.5775845,19.89293846,19.24198472
B,24.28796144,24.75207876,25.23313541,26.04310407,29.88651965,26.36820744,25.44635606,25.9883354,25.09500072
C,20.72201509,21.53636754,21.33911388,25.45377542,18.69312103,22.26099771,21.91725553,19.9277612,18.66906883
D,26.93861961,27.9972778,27.74084804,33.08990804,24.30105734,28.93929702,28.49243219,25.90608956,24.26978947
E,24.9606387,22.72480725,23.83586771,21.0958944,23.4331487,20.22388269,23.66422217,22.87687923,22.12828243