"mountain_name","height_feet","height_meters","first_climbed","summits","fatalities","fatality_rate"
"Mount Everest",29029,8848,1953,12884,340,0.0263893200869295
"K2",28251,8611,1954,800,96,0.12
"Kangchenjunga",28169,8586,1955,532,52,0.0977443609022556
"Lhotse",27940,8516,1956,933,20,0.0214362272240086
"Makalu",27838,8485,1955,499,72,0.144288577154309
