"gene_id","type","L4_values"
"gene1","treatment",15.5682750889874
"gene1","control",19.3471363682586
"gene2","treatment",22.2002030234231
"gene2","control",15.9758088522895
"gene3","treatment",17.7089801175976
"gene3","control",26.8635250471642
