genotype,water_sched_prog,greenhouse,day1,day2,day3,day4,day5,day6,day7,day8,day9,day10,day11,day12,day13,day14,day15,day16,day17,day18,day19,day20,day21,day22,day23,day24,day25,day26,day27,day28,day29,day30
control,A,A761,21.70490322,19.88035098,20.72684149,19.44808533,20.18832552,19.19532832,20.5775845,19.89293846,19.24198472,20.41751598,18.46958783,21.23084735,17.77373669,20.02826746,20.25039581,20.34140956,21.13641472,19.11090798,19.33463059,20.38839783,21.46201732,19.00195822,19.60685423,18.83771957,19.9105055,19.82384747,20.56744077,20.39973427,21.32707652,19.27134832
mutant1,A,A761,24.28796144,24.87603938,25.23313541,25.34770136,27.44325982,25.45606915,25.44635606,25.9883354,25.09500072,23.87967258,25.41571482,24.84543634,26.63579034,23.46334671,25.2440872,25.25871768,24.01571198,24.7506598,23.99108346,26.77016421,25.05515576,26.17091433,24.83655627,24.00744252,25.36993795,25.59009687,25.07416917,25.1201307,23.78901312,24.92814971
mutant2,A,A761,20.72201509,21.26818377,21.33911388,22.48459181,19.84656051,21.42033257,21.91725553,19.9277612,18.66906883,20.5253153,21.63419794,21.11453945,20.84067928,21.07815779,21.79973823,21.95387862,20.09034536,21.32085092,21.34120161,21.21266214,22.2481784,18.50341775,21.70882276,20.62794606,21.49440986,22.40602011,20.21637521,20.34444132,19.17595837,20.91840505